SampleName,Time(abs),Temperature(room),TargetT(box),Humidity(room),percentageX,percentageY,percentageZ,pressureX,pressureY,pressureA,edwards,fanSpeed
lightVsRef,3744992795,31.486,31.5,21.592,67.30,84.40,50.0,1.879,1.885,6.6,1.26E-03,12
lightVsRef,3744992800,31.49,31.5,21.592,67.30,84.40,50.0,1.880,1.886,6.5,1.26E-03,13
lightVsRef,3744992810,31.488,31.5,21.599,67.30,84.40,50.0,1.880,1.886,6.6,1.26E-03,13
lightVsRef,3744992815,31.486,31.5,21.599,67.30,84.40,50.0,1.752,1.886,6.5,1.26E-03,12
lightVsRef,3744992820,31.489,31.5,21.584,67.30,84.40,50.0,1.751,1.886,6.6,1.26E-03,14
lightVsRef,3744992825,31.492,31.5,21.584,67.30,84.40,50.0,1.752,1.886,6.6,1.26E-03,14
lightVsRef,3744992830,31.495,31.5,21.607,67.38,84.40,50.0,1.750,1.885,6.6,1.27E-03,14
lightVsRef,3744992835,31.497,31.5,21.584,67.46,84.40,50.0,1.749,1.883,6.6,1.27E-03,14
lightVsRef,3744992840,31.498,31.5,21.584,67.46,84.40,50.0,1.750,1.884,6.5,1.27E-03,17
lightVsRef,3744992845,31.5,31.5,21.584,67.46,84.40,50.0,1.751,1.887,6.5,1.27E-03,18
lightVsRef,3744992850,31.499,31.5,21.592,67.46,84.40,50.0,1.753,1.887,238.2,1.27E-03,18
lightVsRef,3744992855,31.5,31.5,21.584,67.46,84.40,50.0,1.753,1.886,302.9,1.27E-03,18
lightVsRef,3744992860,31.503,31.5,21.569,67.46,84.40,50.0,1.751,1.884,302.9,1.27E-03,19
lightVsRef,3744992865,31.496,31.5,21.576,67.46,84.40,50.0,1.752,1.886,303.2,1.28E-03,16
lightVsRef,3744992870,31.489,31.5,21.592,67.46,84.40,52.0,1.750,1.885,282.7,1.27E-03,13
lightVsRef,3744992875,31.484,31.5,21.599,67.46,84.40,50.0,1.753,1.886,276.4,1.27E-03,11
lightVsRef,3744992880,31.496,31.5,21.584,67.46,84.40,50.0,1.752,1.886,276.5,2.54E+00,16
lightVsRef,3744992885,31.495,31.5,21.592,67.46,84.40,50.0,1.753,1.887,276.2,1.24E+00,16
lightVsRef,3744992890,31.495,31.5,21.584,67.46,84.40,50.0,1.751,1.886,276.4,7.40E-01,16
lightVsRef,3744992895,31.5,31.5,21.569,67.46,84.40,50.0,1.752,1.885,276.4,4.24E+00,18
lightVsRef,3744992900,31.499,31.5,21.584,67.46,84.40,50.0,1.750,1.886,276.2,1.65E+00,17
lightVsRef,3744992905,31.495,31.5,21.569,67.46,84.40,50.0,1.752,1.886,276.3,9.56E-01,16
lightVsRef,3744992910,31.495,31.5,21.584,67.46,84.40,50.0,1.752,1.886,276.1,6.42E-01,16
lightVsRef,3744992915,31.496,31.5,21.584,67.46,84.40,50.0,1.751,1.886,276.3,4.59E-02,16
lightVsRef,3744992920,31.494,31.5,21.584,67.46,84.40,50.0,1.751,1.886,276.2,1.62E-02,15
lightVsRef,3744992925,31.497,31.5,21.584,67.46,84.40,50.0,1.754,1.886,276.4,7.48E-03,16
lightVsRef,3744992930,31.495,31.5,21.569,67.46,84.40,50.0,1.752,1.885,276.3,3.92E-03,16
lightVsRef,3744992935,31.497,31.5,21.569,67.46,84.40,50.0,1.753,1.886,276.4,2.48E-03,16
lightVsRef,3744992940,31.5,31.5,21.584,67.46,84.40,50.0,1.751,1.885,48.9,1.65E-03,18
lightVsRef,3744992945,31.5,31.5,21.561,67.46,84.40,50.0,1.753,1.886,48.8,1.26E-03,17
lightVsRef,3744992950,31.5,31.5,21.569,67.46,84.40,50.0,1.750,1.886,48.6,1.17E-03,18
lightVsRef,3744992955,31.497,31.5,21.576,67.46,84.40,50.0,1.753,1.886,48.7,1.13E-03,16
lightVsRef,3744992960,31.498,31.5,21.569,67.46,84.40,50.0,1.751,1.884,48.6,1.12E-03,17
lightVsRef,3744992965,31.498,31.5,21.576,67.46,84.40,50.0,1.756,1.889,48.8,1.13E-03,17
lightVsRef,3744992970,31.5,31.5,21.569,67.46,84.40,50.0,1.753,1.886,48.6,1.13E-03,18
lightVsRef,3744992975,31.498,31.5,21.576,67.46,84.40,50.0,1.752,1.887,48.7,1.13E-03,17
lightVsRef,3744992980,31.5,31.5,21.576,67.46,84.40,50.0,1.751,1.886,48.7,1.13E-03,18
lightVsRef,3744992985,31.501,31.5,21.569,67.46,84.40,50.0,1.753,1.886,48.7,1.14E-03,18
lightVsRef,3744992990,31.502,31.5,21.576,67.46,84.40,50.0,1.754,1.886,48.6,1.14E-03,19
lightVsRef,3744992995,31.506,31.5,21.576,67.46,84.40,50.0,1.756,1.889,48.9,1.15E-03,20
lightVsRef,3744993000,31.501,31.5,21.569,67.46,84.40,50.0,1.751,1.887,48.8,1.15E-03,18
lightVsRef,3744993005,31.501,31.5,21.561,67.46,84.40,50.0,1.753,1.886,48.7,1.16E-03,18
lightVsRef,3744993010,31.496,31.5,21.561,67.46,84.40,50.0,1.752,1.886,48.7,1.17E-03,16
lightVsRef,3744993015,31.494,31.5,21.561,67.46,84.40,50.0,1.752,1.886,48.7,1.17E-03,15
lightVsRef,3744993020,31.49,31.5,21.569,67.46,84.40,50.0,1.752,1.887,48.7,1.18E-03,14
lightVsRef,3744993025,31.489,31.5,21.561,67.46,84.40,50.0,1.752,1.887,48.6,1.18E-03,13
lightVsRef,3744993030,31.486,31.5,21.576,67.46,84.40,50.0,1.753,1.888,48.8,1.19E-03,12
lightVsRef,3744993035,31.49,31.5,21.584,67.46,84.40,50.0,1.754,1.887,25.3,8.77E-01,14
lightVsRef,3744993040,31.485,31.5,21.599,67.46,84.40,52.0,1.751,1.887,7.7,7.60E-01,11
lightVsRef,3744993045,31.486,31.5,21.592,67.46,84.40,50.0,1.752,1.886,11.9,1.73E+00,12
lightVsRef,3744993050,31.492,31.5,21.584,67.46,84.40,50.0,1.752,1.885,7.7,1.31E+00,14
lightVsRef,3744993055,31.493,31.5,21.576,67.46,84.40,50.0,1.753,1.886,7.3,7.99E-01,15
lightVsRef,3744993060,31.496,31.5,21.576,67.46,84.40,50.0,1.752,1.885,7.1,5.30E-01,16
lightVsRef,3744993065,31.494,31.5,21.576,67.46,84.40,50.0,1.754,1.886,6.8,3.93E-01,15
lightVsRef,3744993070,31.495,31.5,21.592,67.46,84.40,50.0,1.754,1.886,6.9,3.93E-01,16
lightVsRef,3744993075,31.481,31.5,21.576,60.00,84.40,50.0,1.864,1.887,6.8,2.46E-01,10
lightVsRef,3744993080,31.493,31.5,21.576,60.00,84.40,50.0,1.886,1.885,6.7,2.65E-02,14
lightVsRef,3744993085,31.496,31.5,21.569,60.00,84.40,50.0,1.888,1.885,6.5,9.71E-03,16
lightVsRef,3744993090,31.497,31.5,21.569,60.00,84.40,50.0,1.888,1.884,6.6,5.51E-03,16
lightVsRef,3744993095,31.502,31.5,21.576,60.00,84.40,50.0,1.888,1.886,6.5,3.61E-03,18
lightVsRef,3744993100,31.503,31.5,21.561,60.00,84.40,50.0,1.887,1.886,6.5,2.56E-03,19
lightVsRef,3744993105,31.508,31.5,21.569,60.00,84.40,50.0,1.886,1.886,6.7,2.00E-03,21
lightVsRef,3744993110,31.51,31.5,21.561,60.00,84.40,50.0,1.887,1.885,6.7,1.68E-03,22
lightVsRef,3744993115,31.508,31.5,21.561,60.00,84.40,50.0,1.887,1.887,6.5,1.48E-03,21
lightVsRef,3744993120,31.5,31.5,21.569,60.00,84.40,50.0,1.886,1.885,6.6,1.37E-03,18
lightVsRef,3744993125,31.493,31.5,21.554,60.00,84.40,50.0,1.887,1.885,6.6,1.29E-03,15
lightVsRef,3744993130,31.489,31.5,21.569,60.00,84.40,50.0,1.886,1.886,6.6,1.24E-03,13
lightVsRef,3744993135,31.485,31.5,21.569,60.00,84.40,50.0,1.887,1.884,6.6,1.21E-03,12
lightVsRef,3744993140,31.482,31.5,21.576,60.00,84.40,50.0,1.886,1.886,6.6,1.20E-03,10
lightVsRef,3744993145,31.484,31.5,21.584,60.00,84.40,50.0,1.887,1.886,6.6,1.19E-03,11
lightVsRef,3744993150,31.482,31.5,21.584,60.00,84.40,50.0,1.885,1.886,6.6,1.18E-03,10
lightVsRef,3744993155,31.487,31.5,21.592,60.00,84.40,50.0,1.888,1.885,6.6,1.18E-03,12
lightVsRef,3744993160,31.49,31.5,21.592,60.00,84.40,50.0,1.886,1.884,6.6,1.18E-03,13
lightVsRef,3744993165,31.495,31.5,21.584,60.00,84.40,50.0,1.889,1.885,6.6,1.19E-03,16
lightVsRef,3744993170,31.495,31.5,21.584,60.00,84.40,50.0,1.745,1.885,6.5,1.20E-03,16
lightVsRef,3744993175,31.501,31.5,21.576,60.00,84.40,50.0,1.748,1.885,6.6,1.19E-03,18
lightVsRef,3744993180,31.5,31.5,21.569,60.00,84.40,50.0,1.749,1.889,6.7,1.20E-03,18
lightVsRef,3744993185,31.5,31.5,21.569,59.93,84.40,50.0,1.750,1.886,6.7,1.20E-03,18
lightVsRef,3744993190,31.499,31.5,21.561,59.93,84.40,50.0,1.749,1.887,6.7,1.20E-03,17
lightVsRef,3744993195,31.501,31.5,21.561,59.93,84.40,50.0,1.750,1.887,6.6,1.20E-03,18
lightVsRef,3744993200,31.502,31.5,21.554,59.93,84.40,50.0,1.749,1.885,302.8,1.21E-03,19
lightVsRef,3744993205,31.502,31.5,21.569,59.93,84.40,50.0,1.751,1.887,303.3,1.21E-03,19
lightVsRef,3744993210,31.505,31.5,21.561,59.93,84.40,50.0,1.750,1.885,303.2,1.22E-03,20
lightVsRef,3744993215,31.5,31.5,21.576,59.93,84.40,50.0,1.752,1.885,303.0,1.22E-03,20
lightVsRef,3744993220,31.498,31.5,21.576,59.93,84.40,50.0,1.752,1.885,303.0,1.22E-03,20
lightVsRef,3744993225,31.489,31.5,21.576,59.93,84.40,45.8,1.751,1.887,303.5,1.22E-03,20
lightVsRef,3744993230,31.485,31.5,21.569,59.93,84.40,46.8,1.752,1.886,303.4,1.22E-03,20
lightVsRef,3744993235,31.493,31.5,21.569,59.93,84.40,46.8,1.752,1.888,303.5,1.23E-03,15
lightVsRef,3744993240,31.494,31.5,21.584,59.93,84.40,46.8,1.751,1.888,296.0,1.24E-03,15
lightVsRef,3744993245,31.486,31.5,21.599,59.93,84.40,52.0,1.751,1.887,283.8,1.25E-03,12
lightVsRef,3744993250,31.483,31.5,21.576,59.93,84.40,50.0,1.748,1.883,276.9,1.25E-03,10
lightVsRef,3744993255,31.49,31.5,21.584,59.93,84.40,50.0,1.751,1.889,277.1,2.04E+00,13
lightVsRef,3744993260,31.491,31.5,21.576,59.93,84.40,50.0,1.750,1.885,276.8,1.10E+00,14
lightVsRef,3744993265,31.495,31.5,21.592,59.93,84.40,50.0,1.754,1.889,277.0,7.32E-01,16
lightVsRef,3744993270,31.497,31.5,21.576,59.93,84.40,50.0,1.751,1.886,276.7,3.24E+00,17
lightVsRef,3744993275,31.493,31.5,21.576,59.93,84.40,50.0,1.751,1.886,276.9,1.49E+00,15
lightVsRef,3744993280,31.492,31.5,21.561,59.93,84.40,50.0,1.750,1.884,276.7,8.92E-01,14
lightVsRef,3744993285,31.489,31.5,21.569,59.93,84.40,50.0,1.752,1.886,276.8,5.89E-01,13
lightVsRef,3744993290,31.493,31.5,21.584,59.93,84.40,50.0,1.750,1.886,276.9,4.41E-02,15
lightVsRef,3744993295,31.496,31.5,21.561,59.93,84.40,50.0,1.751,1.885,276.8,1.54E-02,16
lightVsRef,3744993300,31.497,31.5,21.569,59.93,84.40,50.0,1.750,1.884,276.6,6.30E-03,17
lightVsRef,3744993305,31.5,31.5,21.576,59.93,84.40,50.0,1.752,1.886,276.8,3.55E-03,18
lightVsRef,3744993310,31.497,31.5,21.561,59.93,84.40,50.0,1.751,1.886,276.8,2.32E-03,17
lightVsRef,3744993315,31.494,31.5,21.554,59.93,84.40,50.0,1.752,1.886,48.9,1.51E-03,15
lightVsRef,3744993320,31.495,31.5,21.569,59.93,84.40,50.0,1.750,1.885,48.7,1.22E-03,16
lightVsRef,3744993325,31.494,31.5,21.569,59.93,84.40,50.0,1.753,1.885,48.7,1.18E-03,16
lightVsRef,3744993330,31.482,31.5,21.569,59.93,84.40,61.0,1.751,1.886,48.8,1.11E-03,10
lightVsRef,3744993335,31.489,31.5,21.584,59.93,84.40,61.0,1.751,1.886,48.8,1.11E-03,13
lightVsRef,3744993340,31.485,31.5,21.569,59.93,84.40,64.7,1.751,1.886,48.7,1.10E-03,11
lightVsRef,3744993345,31.492,31.5,21.569,59.93,84.40,64.7,1.752,1.886,48.8,1.11E-03,14
lightVsRef,3744993350,31.497,31.5,21.569,59.93,84.40,64.7,1.752,1.887,48.8,1.13E-03,17
lightVsRef,3744993355,31.499,31.5,21.569,59.93,84.40,64.7,1.754,1.887,48.7,1.13E-03,17
lightVsRef,3744993360,31.497,31.5,21.554,59.93,84.40,64.7,1.752,1.885,48.7,1.13E-03,16
lightVsRef,3744993365,31.496,31.5,21.561,59.93,84.40,64.7,1.752,1.887,48.8,1.13E-03,16
lightVsRef,3744993370,31.499,31.5,21.561,59.93,84.40,64.7,1.752,1.886,48.7,1.13E-03,17
lightVsRef,3744993375,31.497,31.5,21.546,59.93,84.40,64.7,1.751,1.885,48.7,1.14E-03,17
lightVsRef,3744993380,31.499,31.5,21.554,59.93,84.40,64.7,1.754,1.889,48.9,1.15E-03,17
lightVsRef,3744993385,31.499,31.5,21.554,59.93,84.40,64.7,1.751,1.887,48.7,1.15E-03,17
lightVsRef,3744993390,31.498,31.5,21.546,59.93,84.40,64.7,1.752,1.886,48.8,1.16E-03,17
lightVsRef,3744993395,31.496,31.5,21.554,59.93,84.40,64.7,1.750,1.885,48.8,1.16E-03,16
lightVsRef,3744993400,31.502,31.5,21.546,59.93,84.40,64.7,1.750,1.884,48.6,1.17E-03,19
lightVsRef,3744993405,31.499,31.5,21.531,59.93,84.40,64.7,1.750,1.884,48.6,1.18E-03,17
lightVsRef,3744993410,31.499,31.5,21.546,59.93,84.40,64.7,1.753,1.886,48.8,1.18E-03,17
lightVsRef,3744993415,31.499,31.5,21.538,59.93,84.40,64.7,1.753,1.887,48.8,1.18E-03,17
lightVsRef,3744993420,31.495,31.5,21.554,59.93,84.40,64.7,1.752,1.885,48.7,1.19E-03,15
lightVsRef,3744993425,31.497,31.5,21.554,59.93,84.40,64.7,1.751,1.886,22.8,8.53E-01,16
lightVsRef,3744993430,31.488,31.5,21.546,59.93,84.40,52.0,1.750,1.884,8.0,5.45E-01,13
lightVsRef,3744993435,31.482,31.5,21.546,59.93,84.40,50.0,1.751,1.887,9.2,4.04E-01,10
lightVsRef,3744993440,31.494,31.5,21.561,59.93,84.40,50.0,1.751,1.884,8.6,1.88E+00,15
lightVsRef,3744993445,31.501,31.5,21.546,59.93,84.40,50.0,1.753,1.886,7.4,9.61E-01,18
lightVsRef,3744993450,31.503,31.5,21.561,59.93,84.40,50.0,1.752,1.887,7.1,6.32E-01,25
lightVsRef,3744993455,31.507,31.5,21.538,59.93,84.40,50.0,1.751,1.886,6.9,4.44E-01,27
lightVsRef,3744993460,31.504,31.5,21.561,59.93,84.40,50.0,1.751,1.886,6.9,3.94E-01,25
lightVsRef,3744993465,31.499,31.5,21.538,52.40,84.40,50.0,1.769,1.886,6.9,3.35E-01,24
lightVsRef,3744993470,31.49,31.5,21.554,52.40,84.40,50.0,1.898,1.884,6.7,5.29E-02,20
lightVsRef,3744993475,31.488,31.5,21.554,52.40,84.40,50.0,1.901,1.887,6.6,1.34E-02,18
lightVsRef,3744993480,31.479,31.5,21.546,52.40,84.40,50.0,1.899,1.886,6.5,6.80E-03,15
lightVsRef,3744993485,31.475,31.5,21.561,52.40,84.40,50.0,1.900,1.886,6.6,4.30E-03,13
lightVsRef,3744993490,31.473,31.5,21.561,52.40,84.40,50.0,1.897,1.885,6.5,2.96E-03,12
lightVsRef,3744993495,31.472,31.5,21.561,52.40,84.40,50.0,1.900,1.886,6.7,2.28E-03,12
lightVsRef,3744993500,31.477,31.5,21.561,52.40,84.40,50.0,1.897,1.885,6.6,1.84E-03,14
lightVsRef,3744993505,31.481,31.5,21.569,52.40,84.40,50.0,1.899,1.888,6.7,1.54E-03,15
lightVsRef,3744993510,31.485,31.5,21.561,52.40,84.40,50.0,1.897,1.886,6.6,1.40E-03,17
lightVsRef,3744993515,31.487,31.5,21.561,52.40,84.40,50.0,1.899,1.887,6.6,1.31E-03,18
lightVsRef,3744993520,31.489,31.5,21.561,52.40,84.40,50.0,1.898,1.885,6.5,1.26E-03,18
lightVsRef,3744993525,31.491,31.5,21.554,52.40,84.40,50.0,1.898,1.886,6.6,1.22E-03,19
lightVsRef,3744993530,31.493,31.5,21.554,52.40,84.40,50.0,1.897,1.885,6.4,1.20E-03,20
lightVsRef,3744993535,31.486,31.5,21.561,52.40,84.40,50.0,1.899,1.886,6.7,1.20E-03,18
lightVsRef,3744993540,31.489,31.5,21.569,52.40,84.40,50.0,1.898,1.884,6.6,1.20E-03,19
lightVsRef,3744993545,31.487,31.5,21.554,52.40,84.40,50.0,1.899,1.886,6.5,1.19E-03,18
lightVsRef,3744993550,31.488,31.5,21.561,52.40,84.40,50.0,1.899,1.886,6.6,1.19E-03,18
lightVsRef,3744993555,31.482,31.5,21.554,52.40,84.40,50.0,1.899,1.886,6.5,1.18E-03,16
lightVsRef,3744993560,31.48,31.5,21.546,52.40,84.40,50.0,1.897,1.821,6.5,1.19E-03,15
lightVsRef,3744993565,31.482,31.5,21.561,52.40,84.40,50.0,1.899,1.757,6.6,1.19E-03,16
lightVsRef,3744993570,31.484,31.5,21.561,52.40,84.40,50.0,1.898,1.755,6.6,1.19E-03,16
lightVsRef,3744993575,31.484,31.5,21.561,52.40,84.40,50.0,1.899,1.756,6.4,1.19E-03,16
lightVsRef,3744993580,31.486,31.5,21.569,52.40,84.40,50.0,1.898,1.757,6.5,1.20E-03,17
lightVsRef,3744993585,31.484,31.5,21.561,52.40,84.40,50.0,1.899,1.759,303.4,1.21E-03,16
lightVsRef,3744993590,31.49,31.5,21.554,52.40,84.40,50.0,1.899,1.760,303.8,1.20E-03,18
lightVsRef,3744993595,31.491,31.5,21.561,52.40,84.40,50.0,1.901,1.760,303.6,1.21E-03,19
lightVsRef,3744993600,31.496,31.5,21.561,52.40,84.40,50.0,1.899,1.758,303.6,1.20E-03,19
lightVsRef,3744993605,31.492,31.5,21.546,52.40,84.40,52.2,1.898,1.757,303.6,1.21E-03,19
lightVsRef,3744993610,31.491,31.5,21.569,52.40,84.40,52.2,1.899,1.760,303.4,1.21E-03,19
lightVsRef,3744993615,31.484,31.5,21.554,52.40,84.40,53.2,1.901,1.762,303.6,1.21E-03,19
lightVsRef,3744993620,31.489,31.5,21.554,52.40,84.40,53.2,1.897,1.758,303.2,1.22E-03,18
lightVsRef,3744993625,31.491,31.5,21.569,52.40,84.40,52.0,1.900,1.759,294.4,1.22E-03,19
lightVsRef,3744993630,31.479,31.5,21.554,52.40,84.40,50.0,1.899,1.758,275.7,1.24E-03,14
lightVsRef,3744993635,31.484,31.5,21.569,52.40,84.40,50.0,1.899,1.759,275.6,3.67E+00,16
lightVsRef,3744993640,31.484,31.5,21.561,52.40,84.40,50.0,1.897,1.755,275.5,1.42E+00,16
lightVsRef,3744993645,31.481,31.5,21.576,52.40,84.40,50.0,1.900,1.759,275.6,8.45E-01,15
lightVsRef,3744993650,31.485,31.5,21.554,52.40,84.40,50.0,1.899,1.757,275.6,6.46E+00,16
lightVsRef,3744993655,31.485,31.5,21.554,52.40,84.40,50.0,1.901,1.759,275.7,2.12E+00,16
lightVsRef,3744993660,31.492,31.5,21.554,52.40,84.40,50.0,1.900,1.760,275.6,1.11E+00,19
lightVsRef,3744993665,31.497,31.5,21.546,52.40,84.40,50.0,1.900,1.759,275.7,7.12E-01,21
lightVsRef,3744993670,31.495,31.5,21.546,52.40,84.40,50.0,1.900,1.758,275.6,1.13E-01,20
lightVsRef,3744993675,31.497,31.5,21.554,52.40,84.40,50.0,1.898,1.758,275.6,2.43E-02,21
lightVsRef,3744993680,31.497,31.5,21.561,52.40,84.40,50.0,1.897,1.757,275.5,1.01E-02,21
lightVsRef,3744993685,31.497,31.5,21.554,52.40,84.40,50.0,1.900,1.760,275.8,5.10E-03,21
lightVsRef,3744993690,31.49,31.5,21.546,52.40,84.40,50.0,1.898,1.757,275.5,2.93E-03,18
lightVsRef,3744993695,31.477,31.5,21.546,52.40,84.40,50.0,1.897,1.759,151.2,1.94E-03,13
lightVsRef,3744993700,31.473,31.5,21.538,52.40,84.40,50.0,1.899,1.759,48.6,1.34E-03,11
lightVsRef,3744993705,31.47,31.5,21.576,52.40,84.40,50.0,1.898,1.759,48.6,1.18E-03,10
lightVsRef,3744993710,31.47,31.5,21.576,52.40,84.40,50.0,1.898,1.759,48.6,1.18E-03,10
lightVsRef,3744993715,31.459,31.5,21.576,52.40,84.40,31.9,1.898,1.758,48.7,1.10E-03,5
lightVsRef,3744993720,31.468,31.5,21.584,52.40,84.40,31.9,1.901,1.759,48.7,1.10E-03,9
lightVsRef,3744993725,31.467,31.5,21.576,52.40,84.40,39.9,1.900,1.759,48.6,1.10E-03,8
lightVsRef,3744993730,31.48,31.5,21.584,52.40,84.40,39.9,1.899,1.759,48.5,1.10E-03,14
lightVsRef,3744993735,31.484,31.5,21.569,52.40,84.40,39.9,1.901,1.760,48.6,1.11E-03,16
lightVsRef,3744993740,31.489,31.5,21.569,52.40,84.40,39.9,1.899,1.759,48.5,1.12E-03,17
lightVsRef,3744993745,31.497,31.5,21.561,52.40,84.40,39.9,1.900,1.759,48.6,1.12E-03,21
lightVsRef,3744993750,31.502,31.5,21.538,52.40,84.40,39.9,1.900,1.759,48.5,1.13E-03,23
lightVsRef,3744993755,31.502,31.5,21.546,52.40,84.40,39.9,1.901,1.761,48.6,1.15E-03,23
lightVsRef,3744993760,31.502,31.5,21.538,52.40,84.40,39.9,1.899,1.758,48.6,1.15E-03,23
lightVsRef,3744993765,31.495,31.5,21.538,52.40,84.40,39.9,1.897,1.755,48.5,1.15E-03,20
lightVsRef,3744993770,31.489,31.5,21.554,52.40,84.40,39.9,1.899,1.759,48.4,1.15E-03,17
lightVsRef,3744993775,31.481,31.5,21.546,52.40,84.40,39.9,1.901,1.760,48.5,1.16E-03,14
lightVsRef,3744993780,31.481,31.5,21.561,52.40,84.40,39.9,1.894,1.757,48.7,1.16E-03,14
lightVsRef,3744993785,31.477,31.5,21.546,52.40,84.40,39.9,1.900,1.760,48.6,1.16E-03,12
lightVsRef,3744993790,31.478,31.5,21.554,52.40,84.40,39.9,1.900,1.759,48.5,1.17E-03,13
lightVsRef,3744993795,31.478,31.5,21.561,52.40,84.40,39.9,1.902,1.761,48.7,1.18E-03,13
lightVsRef,3744993800,31.483,31.5,21.561,52.40,84.40,39.9,1.900,1.760,48.7,1.18E-03,14
lightVsRef,3744993805,31.484,31.5,21.561,52.40,84.40,39.9,1.900,1.759,48.7,1.19E-03,15
lightVsRef,3744993810,31.489,31.5,21.576,52.40,84.40,39.9,1.901,1.760,24.5,7.73E-01,17
lightVsRef,3744993815,31.488,31.5,21.615,52.40,84.40,52.0,1.900,1.760,23.7,9.44E-01,17
lightVsRef,3744993820,31.464,31.5,21.569,52.40,84.40,50.0,1.898,1.759,7.0,4.22E-01,7
lightVsRef,3744993825,31.477,31.5,21.561,52.40,84.40,50.0,1.899,1.759,10.3,2.23E+00,12
lightVsRef,3744993830,31.485,31.5,21.561,52.40,84.40,50.0,1.899,1.760,7.6,1.09E+00,15
lightVsRef,3744993835,31.485,31.5,21.554,52.40,84.40,50.0,1.901,1.758,7.2,6.90E-01,15
lightVsRef,3744993840,31.486,31.5,21.561,52.40,84.40,50.0,1.899,1.759,6.9,4.77E-01,16
lightVsRef,3744993845,31.491,31.5,21.576,52.40,84.40,50.0,1.900,1.759,7.0,4.00E-01,18
lightVsRef,3744993850,31.491,31.5,21.576,52.40,84.40,50.0,1.900,1.759,7.0,4.00E-01,18
lightVsRef,3744993855,31.478,31.5,21.561,52.40,76.90,50.0,1.899,1.892,6.7,9.21E-02,12
lightVsRef,3744993860,31.486,31.5,21.561,52.40,76.90,50.0,1.898,1.891,6.5,1.67E-02,16
lightVsRef,3744993865,31.483,31.5,21.554,52.40,76.90,50.0,1.900,1.892,6.7,7.80E-03,14
lightVsRef,3744993870,31.49,31.5,21.546,52.40,76.90,50.0,1.899,1.892,6.5,4.68E-03,17
lightVsRef,3744993875,31.488,31.5,21.546,52.40,76.90,50.0,1.899,1.892,6.5,3.20E-03,16
lightVsRef,3744993880,31.491,31.5,21.538,52.40,76.90,50.0,1.897,1.893,6.6,2.41E-03,17
lightVsRef,3744993885,31.489,31.5,21.515,52.40,76.90,50.0,1.900,1.893,6.5,1.91E-03,17
lightVsRef,3744993890,31.491,31.5,21.531,52.40,76.90,50.0,1.898,1.892,6.5,1.59E-03,18
lightVsRef,3744993895,31.49,31.5,21.523,52.40,76.90,50.0,1.899,1.893,6.6,1.41E-03,17
lightVsRef,3744993900,31.49,31.5,21.515,52.40,76.90,50.0,1.900,1.893,6.6,1.33E-03,17
lightVsRef,3744993905,31.489,31.5,21.523,52.40,76.90,50.0,1.898,1.893,6.7,1.26E-03,16
lightVsRef,3744993910,31.487,31.5,21.493,52.40,76.90,50.0,1.899,1.891,6.5,1.22E-03,16
lightVsRef,3744993915,31.485,31.5,21.523,52.40,76.90,50.0,1.900,1.891,6.6,1.21E-03,15
lightVsRef,3744993920,31.489,31.5,21.515,52.40,76.90,50.0,1.898,1.891,6.6,1.19E-03,17
lightVsRef,3744993925,31.493,31.5,21.508,52.40,76.90,50.0,1.901,1.893,6.5,1.18E-03,18
lightVsRef,3744993930,31.49,31.5,21.5,52.40,76.90,50.0,1.899,1.893,6.4,1.17E-03,17
lightVsRef,3744993935,31.494,31.5,21.485,52.40,76.90,50.0,1.899,1.892,6.6,1.18E-03,18
lightVsRef,3744993940,31.493,31.5,21.493,52.40,76.90,50.0,1.899,1.893,6.5,1.18E-03,18
lightVsRef,3744993945,31.493,31.5,21.477,52.40,76.90,50.0,1.878,1.891,6.6,1.18E-03,18
lightVsRef,3744993950,31.495,31.5,21.477,52.40,76.90,50.0,1.748,1.892,6.6,1.18E-03,19
lightVsRef,3744993955,31.495,31.5,21.47,52.40,76.90,50.0,1.750,1.891,6.6,1.19E-03,19
lightVsRef,3744993960,31.495,31.5,21.47,52.40,76.90,50.0,1.749,1.893,6.5,1.20E-03,19
lightVsRef,3744993965,31.497,31.5,21.47,52.40,76.90,50.0,1.749,1.893,6.6,1.20E-03,20
lightVsRef,3744993970,31.495,31.5,21.47,52.40,76.90,50.0,1.751,1.891,279.8,1.21E-03,19
lightVsRef,3744993975,31.491,31.5,21.454,52.40,76.90,50.0,1.751,1.891,303.0,1.20E-03,17
lightVsRef,3744993980,31.491,31.5,21.454,52.40,76.90,50.0,1.751,1.893,303.0,1.20E-03,17
lightVsRef,3744993985,31.491,31.5,21.447,52.40,76.90,50.0,1.750,1.893,303.1,1.20E-03,17
lightVsRef,3744993990,31.492,31.5,21.47,52.40,76.90,50.0,1.751,1.893,303.0,1.20E-03,17
lightVsRef,3744993995,31.482,31.5,21.447,52.40,76.90,46.1,1.752,1.893,303.5,1.20E-03,17
lightVsRef,3744994000,31.49,31.5,21.447,52.40,76.90,46.1,1.753,1.893,303.4,1.21E-03,17
lightVsRef,3744994005,31.49,31.5,21.47,52.40,76.90,46.1,1.753,1.895,295.6,1.21E-03,17
lightVsRef,3744994010,31.482,31.5,21.447,52.40,76.90,52.0,1.752,1.892,282.5,1.21E-03,14
lightVsRef,3744994015,31.486,31.5,21.431,52.40,76.90,50.0,1.751,1.892,276.9,1.00E-01,15
lightVsRef,3744994020,31.494,31.5,21.431,52.40,76.90,50.0,1.749,1.890,276.6,1.86E+00,18
lightVsRef,3744994025,31.492,31.5,21.431,52.40,76.90,50.0,1.752,1.892,276.9,9.99E-01,18
lightVsRef,3744994030,31.49,31.5,21.416,52.40,76.90,50.0,1.751,1.894,276.8,9.50E+00,17
lightVsRef,3744994035,31.492,31.5,21.416,52.40,76.90,50.0,1.750,1.894,277.0,2.79E+00,17
lightVsRef,3744994040,31.496,31.5,21.409,52.40,76.90,50.0,1.754,1.895,276.9,1.35E+00,19
lightVsRef,3744994045,31.497,31.5,21.401,52.40,76.90,50.0,1.750,1.893,276.9,7.90E-01,20
lightVsRef,3744994050,31.495,31.5,21.393,52.40,76.90,50.0,1.751,1.892,276.8,2.35E-01,19
lightVsRef,3744994055,31.493,31.5,21.386,52.40,76.90,50.0,1.750,1.893,276.9,3.20E-02,18
lightVsRef,3744994060,31.489,31.5,21.378,52.40,76.90,50.0,1.751,1.893,276.9,1.23E-02,16
lightVsRef,3744994065,31.489,31.5,21.378,52.40,76.90,50.0,1.750,1.894,276.7,5.74E-03,16
lightVsRef,3744994070,31.485,31.5,21.37,52.40,76.90,50.0,1.749,1.891,276.9,3.31E-03,14
lightVsRef,3744994075,31.482,31.5,21.363,52.40,76.90,50.0,1.749,1.893,257.2,2.17E-03,13
lightVsRef,3744994080,31.482,31.5,21.363,52.40,76.90,50.0,1.752,1.893,48.8,1.42E-03,13
lightVsRef,3744994085,31.483,31.5,21.378,52.40,76.90,50.0,1.752,1.891,48.8,1.19E-03,14
lightVsRef,3744994090,31.483,31.5,21.386,52.40,76.90,50.0,1.753,1.892,48.7,1.17E-03,13
lightVsRef,3744994095,31.476,31.5,21.37,52.40,76.90,61.5,1.751,1.892,48.8,1.10E-03,10
lightVsRef,3744994100,31.479,31.5,21.416,52.40,76.90,65.5,1.747,1.891,48.8,1.10E-03,12
lightVsRef,3744994105,31.482,31.5,21.363,52.40,76.90,65.5,1.751,1.893,48.7,1.09E-03,13
lightVsRef,3744994110,31.493,31.5,21.355,52.40,76.90,65.5,1.749,1.893,48.9,1.10E-03,17
lightVsRef,3744994115,31.493,31.5,21.355,52.40,76.90,65.5,1.753,1.894,48.7,1.10E-03,17
lightVsRef,3744994120,31.493,31.5,21.332,52.40,76.90,65.5,1.750,1.892,48.8,1.10E-03,17
lightVsRef,3744994125,31.491,31.5,21.332,52.40,76.90,65.5,1.751,1.892,48.5,1.13E-03,17
lightVsRef,3744994130,31.493,31.5,21.325,52.40,76.90,65.5,1.751,1.891,48.6,1.12E-03,17
lightVsRef,3744994135,31.492,31.5,21.317,52.40,76.90,65.5,1.751,1.895,48.7,1.12E-03,17
lightVsRef,3744994140,31.491,31.5,21.317,52.40,76.90,65.5,1.751,1.894,48.7,1.12E-03,17
lightVsRef,3744994145,31.487,31.5,21.317,52.40,76.90,65.5,1.749,1.893,48.8,1.13E-03,15
lightVsRef,3744994150,31.49,31.5,21.309,52.40,76.90,65.5,1.753,1.894,48.7,1.13E-03,16
lightVsRef,3744994155,31.49,31.5,21.325,52.40,76.90,65.5,1.752,1.893,48.8,1.14E-03,16
lightVsRef,3744994160,31.493,31.5,21.302,52.40,76.90,65.5,1.752,1.894,48.8,1.14E-03,17
lightVsRef,3744994165,31.495,31.5,21.294,52.40,76.90,65.5,1.748,1.890,48.8,1.14E-03,18
lightVsRef,3744994170,31.493,31.5,21.302,52.40,76.90,65.5,1.753,1.894,48.8,1.15E-03,17
lightVsRef,3744994175,31.491,31.5,21.302,52.40,76.90,65.5,1.751,1.893,48.8,1.16E-03,16
lightVsRef,3744994180,31.49,31.5,21.294,52.40,76.90,65.5,1.750,1.891,48.8,1.16E-03,16
lightVsRef,3744994185,31.489,31.5,21.279,52.40,76.90,65.5,1.754,1.894,48.2,1.17E-03,16
lightVsRef,3744994190,31.491,31.5,21.309,52.40,76.90,65.5,1.752,1.894,23.7,9.06E-01,16
lightVsRef,3744994195,31.483,31.5,21.309,52.40,76.90,52.0,1.747,1.891,7.5,5.46E-01,13
lightVsRef,3744994200,31.476,31.5,21.287,52.40,76.90,50.0,1.750,1.892,9.8,1.56E+00,10
lightVsRef,3744994205,31.482,31.5,21.294,52.40,76.90,50.0,1.753,1.891,8.3,1.62E+00,13
lightVsRef,3744994210,31.482,31.5,21.294,52.40,76.90,50.0,1.751,1.891,7.3,9.23E-01,13
lightVsRef,3744994215,31.485,31.5,21.302,52.40,76.90,50.0,1.750,1.892,7.2,6.02E-01,14
lightVsRef,3744994220,31.488,31.5,21.294,52.40,76.90,50.0,1.750,1.891,7.0,4.35E-01,15
lightVsRef,3744994225,31.486,31.5,21.309,52.40,76.90,50.0,1.751,1.892,6.9,3.87E-01,14
lightVsRef,3744994230,31.48,31.5,21.294,44.90,76.90,50.0,1.801,1.891,6.9,2.62E-01,12
lightVsRef,3744994235,31.489,31.5,21.302,44.90,76.90,50.0,1.911,1.892,6.6,4.72E-02,15
lightVsRef,3744994240,31.495,31.5,21.294,44.90,76.90,50.0,1.911,1.892,6.7,1.28E-02,18
lightVsRef,3744994245,31.494,31.5,21.294,44.90,76.90,50.0,1.912,1.893,6.6,6.57E-03,17
lightVsRef,3744994250,31.498,31.5,21.287,44.90,76.90,50.0,1.910,1.891,6.6,4.19E-03,19
lightVsRef,3744994255,31.502,31.5,21.294,44.90,76.90,50.0,1.912,1.892,6.5,2.88E-03,20
lightVsRef,3744994260,31.503,31.5,21.279,44.90,76.90,50.0,1.910,1.892,6.5,2.14E-03,21
lightVsRef,3744994265,31.497,31.5,21.294,44.90,76.90,50.0,1.910,1.891,6.5,1.76E-03,18
lightVsRef,3744994270,31.493,31.5,21.302,44.90,76.90,50.0,1.910,1.892,6.5,1.51E-03,17
lightVsRef,3744994275,31.491,31.5,21.287,44.90,76.90,50.0,1.912,1.893,6.5,1.37E-03,16
lightVsRef,3744994280,31.487,31.5,21.294,44.90,76.90,50.0,1.912,1.893,6.5,1.28E-03,15
lightVsRef,3744994285,31.484,31.5,21.302,44.90,76.90,50.0,1.911,1.892,6.5,1.23E-03,13
lightVsRef,3744994290,31.485,31.5,21.309,44.90,76.90,50.0,1.910,1.893,6.5,1.19E-03,13
lightVsRef,3744994295,31.488,31.5,21.309,44.90,76.90,50.0,1.910,1.891,6.6,1.17E-03,15
lightVsRef,3744994300,31.485,31.5,21.325,44.90,76.90,50.0,1.912,1.892,6.6,1.17E-03,13
lightVsRef,3744994305,31.485,31.5,21.309,44.90,76.90,50.0,1.912,1.892,6.7,1.16E-03,13
lightVsRef,3744994310,31.485,31.5,21.325,44.90,76.90,50.0,1.910,1.892,6.6,1.16E-03,13
lightVsRef,3744994315,31.487,31.5,21.325,44.90,76.90,50.0,1.911,1.892,6.5,1.16E-03,14
lightVsRef,3744994320,31.488,31.5,21.325,44.90,76.90,50.0,1.910,1.892,6.6,1.16E-03,15
lightVsRef,3744994325,31.486,31.5,21.325,44.90,76.90,50.0,1.912,1.794,6.6,1.16E-03,14
lightVsRef,3744994330,31.491,31.5,21.325,44.90,76.90,50.0,1.911,1.753,6.5,1.17E-03,16
lightVsRef,3744994335,31.49,31.5,21.325,44.90,76.90,50.0,1.912,1.754,6.5,1.17E-03,15
lightVsRef,3744994340,31.485,31.5,21.325,44.90,76.64,50.0,1.910,1.754,6.6,1.17E-03,15
lightVsRef,3744994345,31.485,31.5,21.325,44.90,76.64,50.0,1.912,1.758,6.5,1.17E-03,15
lightVsRef,3744994350,31.483,31.5,21.348,44.90,76.78,50.0,1.912,1.756,6.5,1.18E-03,15
lightVsRef,3744994355,31.483,31.5,21.325,44.90,76.78,50.0,1.912,1.757,6.6,1.19E-03,12
lightVsRef,3744994360,31.487,31.5,21.332,44.90,76.78,50.0,1.909,1.758,6.8,1.19E-03,14
lightVsRef,3744994365,31.485,31.5,21.355,44.90,76.78,50.0,1.910,1.758,303.4,1.18E-03,13
lightVsRef,3744994370,31.489,31.5,21.348,44.90,76.78,50.0,1.910,1.759,303.7,1.19E-03,15
lightVsRef,3744994375,31.491,31.5,21.355,44.90,76.78,50.0,1.910,1.759,303.8,1.20E-03,16
lightVsRef,3744994380,31.494,31.5,21.348,44.90,76.78,50.0,1.911,1.759,303.7,1.21E-03,16
lightVsRef,3744994385,31.487,31.5,21.355,44.90,76.78,53.6,1.911,1.760,303.7,1.21E-03,16
lightVsRef,3744994390,31.493,31.5,21.37,44.90,76.78,53.6,1.910,1.759,303.3,1.21E-03,16
lightVsRef,3744994395,31.482,31.5,21.363,44.90,76.78,52.0,1.913,1.761,303.5,1.21E-03,16
lightVsRef,3744994400,31.487,31.5,21.378,44.90,76.78,52.0,1.911,1.759,303.3,1.20E-03,14
lightVsRef,3744994405,31.488,31.5,21.37,44.90,76.78,52.0,1.910,1.758,284.6,1.21E-03,14
lightVsRef,3744994410,31.475,31.5,21.37,44.90,76.78,50.0,1.911,1.760,275.8,1.21E-03,9
lightVsRef,3744994415,31.486,31.5,21.378,44.90,76.78,50.0,1.912,1.760,275.8,3.04E+00,13
lightVsRef,3744994420,31.488,31.5,21.378,44.90,76.78,50.0,1.910,1.759,275.7,1.31E+00,14
lightVsRef,3744994425,31.488,31.5,21.386,44.90,76.78,50.0,1.909,1.758,275.8,8.05E-01,14
lightVsRef,3744994430,31.489,31.5,21.386,44.90,76.78,50.0,1.910,1.760,275.8,5.10E+00,15
lightVsRef,3744994435,31.489,31.5,21.401,44.90,76.78,50.0,1.911,1.759,275.8,1.89E+00,15
lightVsRef,3744994440,31.491,31.5,21.393,44.90,76.78,50.0,1.910,1.759,275.7,1.06E+00,15
lightVsRef,3744994445,31.488,31.5,21.401,44.90,76.78,50.0,1.910,1.760,275.8,6.69E-01,14
lightVsRef,3744994450,31.487,31.5,21.416,44.90,76.78,50.0,1.912,1.761,275.7,8.14E-02,14
lightVsRef,3744994455,31.492,31.5,21.416,44.90,76.78,50.0,1.910,1.759,275.7,2.22E-02,16
lightVsRef,3744994460,31.493,31.5,21.393,44.90,76.78,50.0,1.910,1.758,275.8,8.12E-03,16
lightVsRef,3744994465,31.491,31.5,21.416,44.90,76.78,50.0,1.910,1.757,275.7,4.34E-03,15
lightVsRef,3744994470,31.491,31.5,21.424,44.90,76.78,50.0,1.905,1.756,275.6,2.65E-03,15
lightVsRef,3744994475,31.49,31.5,21.416,44.90,76.78,50.0,1.910,1.759,96.8,1.71E-03,15
lightVsRef,3744994480,31.493,31.5,21.416,44.90,76.78,50.0,1.910,1.758,48.6,1.27E-03,16
lightVsRef,3744994485,31.49,31.5,21.439,44.90,76.78,50.0,1.910,1.758,48.5,1.15E-03,15
lightVsRef,3744994490,31.49,31.5,21.439,44.90,76.78,50.0,1.910,1.758,48.5,1.15E-03,15
lightVsRef,3744994495,31.478,31.5,21.431,44.90,76.78,34.6,1.915,1.765,48.8,1.08E-03,10
lightVsRef,3744994500,31.48,31.5,21.454,44.90,76.78,34.6,1.912,1.762,48.8,1.08E-03,10
lightVsRef,3744994505,31.473,31.5,21.447,44.90,76.78,42.4,1.913,1.761,48.6,1.08E-03,8
lightVsRef,3744994510,31.483,31.5,21.454,44.90,76.78,42.4,1.910,1.760,48.5,1.08E-03,12
lightVsRef,3744994515,31.49,31.5,21.454,44.90,76.78,42.4,1.911,1.759,48.6,1.09E-03,14
lightVsRef,3744994520,31.495,31.5,21.454,44.90,76.78,42.4,1.911,1.760,48.6,1.10E-03,16
lightVsRef,3744994525,31.502,31.5,21.447,44.90,76.78,42.4,1.910,1.758,48.6,1.10E-03,19
lightVsRef,3744994530,31.511,31.5,21.454,44.90,76.78,42.4,1.910,1.760,48.6,1.10E-03,23
lightVsRef,3744994535,31.509,31.5,21.447,44.90,76.78,42.4,1.910,1.760,48.8,1.10E-03,22
lightVsRef,3744994540,31.513,31.5,21.431,44.90,76.78,42.4,1.911,1.758,48.5,1.12E-03,24
lightVsRef,3744994545,31.509,31.5,21.439,44.90,76.78,42.4,1.911,1.759,48.7,1.12E-03,22
lightVsRef,3744994550,31.5,31.5,21.447,44.90,76.78,42.4,1.908,1.757,48.5,1.13E-03,19
lightVsRef,3744994555,31.495,31.5,21.447,44.90,76.78,42.4,1.911,1.760,48.6,1.13E-03,16
lightVsRef,3744994560,31.488,31.5,21.454,44.90,76.78,42.4,1.912,1.759,48.7,1.13E-03,14
lightVsRef,3744994565,31.484,31.5,21.47,44.90,76.78,42.4,1.915,1.763,48.7,1.15E-03,12
lightVsRef,3744994570,31.486,31.5,21.477,44.90,76.78,42.4,1.910,1.760,48.6,1.15E-03,13
lightVsRef,3744994575,31.486,31.5,21.477,44.90,76.78,42.4,1.911,1.759,48.5,1.15E-03,13
lightVsRef,3744994580,31.483,31.5,21.485,44.90,76.78,42.4,1.910,1.758,48.6,1.16E-03,11
lightVsRef,3744994585,31.487,31.5,21.493,44.90,76.78,42.4,1.913,1.761,48.7,1.16E-03,13
lightVsRef,3744994590,31.483,31.5,21.515,44.90,76.78,42.4,1.911,1.760,23.5,9.06E-01,12
lightVsRef,3744994595,31.474,31.5,21.523,44.90,76.78,52.0,1.909,1.759,7.4,5.96E-01,8
lightVsRef,3744994600,31.475,31.5,21.508,44.90,76.78,50.0,1.910,1.760,9.9,1.55E+00,8
lightVsRef,3744994605,31.487,31.5,21.523,44.90,76.78,50.0,1.911,1.759,8.1,1.52E+00,13
lightVsRef,3744994610,31.494,31.5,21.508,44.90,76.78,50.0,1.911,1.759,7.3,8.62E-01,16
lightVsRef,3744994615,31.498,31.5,21.515,44.90,76.78,50.0,1.910,1.760,7.0,5.78E-01,17
lightVsRef,3744994620,31.498,31.5,21.515,44.90,76.78,50.0,1.910,1.757,6.8,4.21E-01,17
lightVsRef,3744994625,31.5,31.5,21.515,44.90,76.78,50.0,1.911,1.758,6.9,3.90E-01,18
lightVsRef,3744994630,31.49,31.5,21.515,44.90,69.30,50.0,1.910,1.820,6.8,2.58E-01,14
lightVsRef,3744994635,31.497,31.5,21.515,44.90,69.30,50.0,1.911,1.900,6.8,3.47E-02,17
lightVsRef,3744994640,31.497,31.5,21.523,44.90,69.30,50.0,1.910,1.900,6.7,1.17E-02,17
lightVsRef,3744994645,31.502,31.5,21.531,44.90,69.30,50.0,1.910,1.900,6.5,6.17E-03,19
lightVsRef,3744994650,31.5,31.5,21.515,44.90,69.30,50.0,1.910,1.900,6.6,3.91E-03,18
lightVsRef,3744994655,31.499,31.5,21.515,44.90,69.30,50.0,1.913,1.901,6.6,2.78E-03,18
lightVsRef,3744994660,31.497,31.5,21.515,44.90,69.30,50.0,1.910,1.900,6.6,2.16E-03,17
lightVsRef,3744994665,31.497,31.5,21.515,44.90,69.30,50.0,1.911,1.900,6.6,1.73E-03,17
lightVsRef,3744994670,31.496,31.5,21.531,44.90,69.30,50.0,1.910,1.898,6.5,1.48E-03,17
lightVsRef,3744994675,31.496,31.5,21.523,44.90,69.30,50.0,1.911,1.901,6.6,1.36E-03,17
lightVsRef,3744994680,31.492,31.5,21.538,44.90,69.30,50.0,1.911,1.899,6.5,1.27E-03,15
lightVsRef,3744994685,31.496,31.5,21.531,44.90,69.30,50.0,1.911,1.901,6.5,1.21E-03,16
lightVsRef,3744994690,31.499,31.5,21.523,44.90,69.30,50.0,1.912,1.900,6.5,1.19E-03,18
lightVsRef,3744994695,31.503,31.5,21.531,44.90,69.30,50.0,1.911,1.900,6.6,1.17E-03,19
lightVsRef,3744994700,31.506,31.5,21.531,44.90,69.30,50.0,1.910,1.900,6.6,1.16E-03,21
lightVsRef,3744994705,31.499,31.5,21.538,44.90,69.30,50.0,1.910,1.901,6.5,1.16E-03,18
lightVsRef,3744994710,31.499,31.5,21.538,44.90,69.30,50.0,1.910,1.901,6.6,1.15E-03,18
lightVsRef,3744994715,31.496,31.5,21.538,44.90,69.30,50.0,1.911,1.901,6.6,1.15E-03,16
lightVsRef,3744994720,31.497,31.5,21.554,44.90,69.30,50.0,1.910,1.900,6.4,1.15E-03,17
lightVsRef,3744994725,31.491,31.5,21.546,44.90,69.30,50.0,1.788,1.901,6.6,1.16E-03,14
lightVsRef,3744994730,31.49,31.5,21.554,44.90,69.30,50.0,1.747,1.901,6.6,1.17E-03,14
lightVsRef,3744994735,31.493,31.5,21.569,44.90,69.30,50.0,1.746,1.899,6.6,1.17E-03,14
lightVsRef,3744994740,31.494,31.5,21.554,44.78,69.30,50.0,1.748,1.902,6.7,1.17E-03,14
lightVsRef,3744994745,31.498,31.5,21.592,44.71,69.30,50.0,1.748,1.898,6.5,1.17E-03,14
lightVsRef,3744994750,31.496,31.5,21.561,44.71,69.30,50.0,1.750,1.900,6.5,1.18E-03,14
lightVsRef,3744994755,31.498,31.5,21.561,44.71,69.30,50.0,1.751,1.900,6.6,1.18E-03,17
lightVsRef,3744994760,31.497,31.5,21.569,44.71,69.30,50.0,1.754,1.902,102.0,1.18E-03,17
lightVsRef,3744994765,31.496,31.5,21.576,44.71,69.30,50.0,1.753,1.901,302.8,1.18E-03,16
lightVsRef,3744994770,31.495,31.5,21.561,44.71,69.30,50.0,1.752,1.900,302.9,1.18E-03,16
lightVsRef,3744994775,31.496,31.5,21.576,44.71,69.30,50.0,1.756,1.904,303.1,1.19E-03,17
lightVsRef,3744994780,31.497,31.5,21.569,44.71,69.30,50.0,1.752,1.902,302.9,1.19E-03,17
lightVsRef,3744994785,31.489,31.5,21.576,44.71,69.30,45.3,1.754,1.902,303.1,1.19E-03,17
lightVsRef,3744994790,31.491,31.5,21.599,44.71,69.30,45.3,1.751,1.901,303.5,1.19E-03,17
lightVsRef,3744994795,31.49,31.5,21.584,44.71,69.30,46.4,1.752,1.902,303.4,1.20E-03,17
lightVsRef,3744994800,31.497,31.5,21.584,44.71,69.30,46.4,1.753,1.901,303.3,1.20E-03,17
lightVsRef,3744994805,31.497,31.5,21.599,44.71,69.30,46.4,1.753,1.901,296.6,1.21E-03,17
lightVsRef,3744994810,31.486,31.5,21.599,44.71,69.30,50.0,1.752,1.902,282.6,1.21E-03,13
lightVsRef,3744994815,31.488,31.5,21.599,44.71,69.30,50.0,1.754,1.902,277.0,6.72E-02,13
lightVsRef,3744994820,31.495,31.5,21.592,44.71,69.30,50.0,1.751,1.899,276.8,1.84E+00,16
lightVsRef,3744994825,31.499,31.5,21.599,44.71,69.30,50.0,1.753,1.902,276.8,1.02E+00,18
lightVsRef,3744994830,31.503,31.5,21.599,44.71,69.30,50.0,1.753,1.900,276.7,1.05E+01,19
lightVsRef,3744994835,31.503,31.5,21.599,44.71,69.30,50.0,1.753,1.902,276.8,2.88E+00,19
lightVsRef,3744994840,31.506,31.5,21.592,44.71,69.30,50.0,1.752,1.900,276.8,1.27E+00,20
lightVsRef,3744994845,31.504,31.5,21.592,44.71,69.30,50.0,1.754,1.901,276.9,7.84E-01,20
lightVsRef,3744994850,31.499,31.5,21.592,44.71,69.30,50.0,1.752,1.901,276.8,2.72E-01,18
lightVsRef,3744994855,31.496,31.5,21.599,44.71,69.30,50.0,1.756,1.903,276.9,3.25E-02,16
lightVsRef,3744994860,31.495,31.5,21.592,44.71,69.30,50.0,1.752,1.899,276.7,1.19E-02,16
lightVsRef,3744994865,31.494,31.5,21.599,44.71,69.30,50.0,1.752,1.900,276.7,5.85E-03,15
lightVsRef,3744994870,31.493,31.5,21.599,44.71,69.30,50.0,1.752,1.902,276.8,3.34E-03,15
lightVsRef,3744994875,31.492,31.5,21.615,44.71,69.30,50.0,1.753,1.901,248.0,2.13E-03,15
lightVsRef,3744994880,31.492,31.5,21.615,44.71,69.30,50.0,1.752,1.900,48.8,1.42E-03,15
lightVsRef,3744994885,31.496,31.5,21.615,44.71,69.30,50.0,1.751,1.901,48.7,1.17E-03,16
lightVsRef,3744994890,31.496,31.5,21.622,44.71,69.30,50.0,1.751,1.902,48.7,1.16E-03,17
lightVsRef,3744994895,31.493,31.5,21.63,44.71,69.30,60.0,1.753,1.901,48.7,1.08E-03,15
lightVsRef,3744994900,31.496,31.5,21.622,44.71,69.30,64.1,1.752,1.900,48.7,1.08E-03,16
lightVsRef,3744994905,31.493,31.5,21.63,44.71,69.30,64.1,1.753,1.901,48.7,1.08E-03,15
lightVsRef,3744994910,31.499,31.5,21.63,44.71,69.30,64.1,1.751,1.900,48.7,1.08E-03,17
lightVsRef,3744994915,31.502,31.5,21.63,44.71,69.30,64.1,1.753,1.900,48.7,1.09E-03,19
lightVsRef,3744994920,31.506,31.5,21.63,44.71,69.30,64.1,1.755,1.904,48.9,1.09E-03,20
lightVsRef,3744994925,31.505,31.5,21.615,44.71,69.30,64.1,1.753,1.902,48.7,1.10E-03,20
lightVsRef,3744994930,31.506,31.5,21.63,44.71,69.30,64.1,1.753,1.899,48.7,1.10E-03,21
lightVsRef,3744994935,31.506,31.5,21.615,44.71,69.30,64.1,1.754,1.903,48.8,1.11E-03,20
lightVsRef,3744994940,31.5,31.5,21.622,44.71,69.30,64.1,1.755,1.901,48.7,1.12E-03,18
lightVsRef,3744994945,31.499,31.5,21.615,44.71,69.30,64.1,1.753,1.901,48.7,1.13E-03,17
lightVsRef,3744994950,31.493,31.5,21.622,44.71,69.30,64.1,1.746,1.900,48.9,1.14E-03,15
lightVsRef,3744994955,31.49,31.5,21.63,44.71,69.30,64.1,1.755,1.903,48.8,1.14E-03,14
lightVsRef,3744994960,31.489,31.5,21.645,44.71,69.30,64.1,1.749,1.899,48.6,1.15E-03,13
lightVsRef,3744994965,31.486,31.5,21.637,44.71,69.30,64.1,1.754,1.903,48.8,1.15E-03,12
lightVsRef,3744994970,31.484,31.5,21.637,44.71,69.30,64.1,1.752,1.900,48.7,1.15E-03,11
lightVsRef,3744994975,31.488,31.5,21.63,44.71,69.30,64.1,1.750,1.899,48.8,1.16E-03,13
lightVsRef,3744994980,31.493,31.5,21.63,44.71,69.30,64.1,1.757,1.905,48.9,1.16E-03,15
lightVsRef,3744994985,31.499,31.5,21.645,44.71,69.30,64.1,1.751,1.902,41.9,1.17E-03,17
lightVsRef,3744994990,31.5,31.5,21.653,44.71,69.30,64.1,1.752,1.902,24.6,6.36E-01,18
lightVsRef,3744994995,31.491,31.5,21.66,44.71,69.30,52.0,1.750,1.900,7.8,5.59E-01,14
lightVsRef,3744995000,31.488,31.5,21.645,44.71,69.30,50.0,1.753,1.899,11.4,1.63E+00,13
lightVsRef,3744995005,31.491,31.5,21.645,44.71,69.30,50.0,1.753,1.900,7.8,1.50E+00,14
lightVsRef,3744995010,31.494,31.5,21.637,44.71,69.30,50.0,1.752,1.901,7.3,8.49E-01,15
lightVsRef,3744995015,31.493,31.5,21.637,44.71,69.30,50.0,1.753,1.900,7.1,5.74E-01,15
lightVsRef,3744995020,31.49,31.5,21.637,44.71,69.30,50.0,1.751,1.900,6.9,4.02E-01,14
lightVsRef,3744995025,31.49,31.5,21.653,44.71,69.30,50.0,1.751,1.899,6.9,4.02E-01,14
lightVsRef,3744995030,31.476,31.5,21.637,37.20,69.30,50.0,1.869,1.898,6.8,2.46E-01,8
lightVsRef,3744995035,31.482,31.5,21.66,37.20,69.30,50.0,1.930,1.900,6.6,2.61E-02,10
lightVsRef,3744995040,31.483,31.5,21.66,37.20,69.30,50.0,1.929,1.901,6.6,1.02E-02,11
lightVsRef,3744995045,31.487,31.5,21.653,37.20,69.30,50.0,1.929,1.900,6.5,5.70E-03,12
lightVsRef,3744995050,31.49,31.5,21.653,37.20,69.30,50.0,1.927,1.902,6.5,3.64E-03,13
lightVsRef,3744995055,31.496,31.5,21.645,37.20,69.30,50.0,1.927,1.900,6.6,2.66E-03,16
lightVsRef,3744995060,31.497,31.5,21.637,37.20,69.30,50.0,1.928,1.901,6.7,2.08E-03,16
lightVsRef,3744995065,31.503,31.5,21.645,37.20,69.30,50.0,1.929,1.900,6.6,1.70E-03,19
lightVsRef,3744995070,31.505,31.5,21.637,37.20,69.30,50.0,1.930,1.901,6.6,1.48E-03,19
lightVsRef,3744995075,31.501,31.5,21.63,37.20,69.30,50.0,1.930,1.900,6.5,1.35E-03,18
lightVsRef,3744995080,31.504,31.5,21.63,37.20,69.30,50.0,1.928,1.900,6.6,1.26E-03,19
lightVsRef,3744995085,31.505,31.5,21.637,37.20,69.30,50.0,1.928,1.900,6.6,1.21E-03,20
lightVsRef,3744995090,31.506,31.5,21.645,37.20,69.30,50.0,1.929,1.901,6.6,1.19E-03,20
lightVsRef,3744995095,31.498,31.5,21.637,37.20,69.30,50.0,1.929,1.901,6.5,1.17E-03,17
lightVsRef,3744995100,31.499,31.5,21.645,37.20,69.30,50.0,1.930,1.901,6.5,1.16E-03,17
lightVsRef,3744995105,31.501,31.5,21.637,37.20,69.30,50.0,1.929,1.901,6.6,1.16E-03,18
lightVsRef,3744995110,31.497,31.5,21.637,37.20,69.30,50.0,1.929,1.899,6.5,1.16E-03,16
lightVsRef,3744995115,31.494,31.5,21.645,37.20,69.30,50.0,1.930,1.902,6.5,1.16E-03,15
lightVsRef,3744995120,31.491,31.5,21.63,37.20,69.30,50.0,1.930,1.901,6.6,1.16E-03,14
lightVsRef,3744995125,31.493,31.5,21.653,37.20,69.30,50.0,1.930,1.900,6.5,1.16E-03,15
lightVsRef,3744995130,31.497,31.5,21.653,37.20,69.30,50.0,1.929,1.899,6.5,1.17E-03,16
lightVsRef,3744995135,31.496,31.5,21.645,37.20,69.30,50.0,1.929,1.900,6.6,1.17E-03,16
lightVsRef,3744995140,31.496,31.5,21.653,37.20,69.30,50.0,1.929,1.901,6.6,1.17E-03,16
lightVsRef,3744995145,31.498,31.5,21.637,37.20,69.30,50.0,1.930,1.901,6.5,1.17E-03,17
lightVsRef,3744995150,31.501,31.5,21.653,37.20,69.30,50.0,1.928,1.900,6.6,1.19E-03,18
lightVsRef,3744995155,31.502,31.5,21.653,37.20,69.30,50.0,1.928,1.900,6.6,1.20E-03,18
lightVsRef,3744995160,31.499,31.5,21.645,37.20,69.30,50.0,1.928,1.899,6.4,1.20E-03,17
lightVsRef,3744995165,31.498,31.5,21.653,37.20,69.30,50.0,1.930,1.901,6.5,1.21E-03,17
lightVsRef,3744995170,31.497,31.5,21.66,37.20,69.30,50.0,1.929,1.901,6.5,1.21E-03,16
lightVsRef,3744995175,31.499,31.5,21.653,37.20,69.30,50.0,1.930,1.902,6.5,1.21E-03,17
lightVsRef,3744995180,31.495,31.5,21.637,37.20,69.30,50.0,1.930,1.901,6.5,1.21E-03,15
lightVsRef,3744995185,31.495,31.5,21.637,37.20,69.30,50.0,1.930,1.900,6.5,1.22E-03,16
lightVsRef,3744995190,31.496,31.5,21.653,37.20,69.30,50.0,1.928,1.900,6.6,1.22E-03,16
lightVsRef,3744995195,31.495,31.5,21.66,37.20,69.30,50.0,1.929,1.900,6.5,1.22E-03,15
lightVsRef,3744995200,31.495,31.5,21.637,37.20,69.30,50.0,1.929,1.901,6.5,1.22E-03,15
lightVsRef,3744995205,31.498,31.5,21.66,37.20,69.30,50.0,1.928,1.901,6.5,1.22E-03,17
lightVsRef,3744995210,31.497,31.5,21.653,37.20,69.30,50.0,1.931,1.899,6.6,1.22E-03,16
lightVsRef,3744995215,31.499,31.5,21.653,37.20,69.30,50.0,1.928,1.899,6.5,1.23E-03,17
lightVsRef,3744995220,31.5,31.5,21.653,37.20,69.30,50.0,1.929,1.901,6.6,1.23E-03,18
